Date,Open,High,Low,Close,Volume
31-Dec-15,0.93,0.94,0.92,0.93,511700
04-Jan-16,1.05,1.06,1.01,1.06,1900500
05-Jan-16,1.11,1.16,1.08,1.15,2959500
06-Jan-16,1.25,1.34,1.24,1.33,3610900
07-Jan-16,1.46,1.46,1.36,1.44,4504500
08-Jan-16,1.37,1.39,1.21,1.29,2701400
11-Jan-16,1.39,1.41,1.27,1.29,2225700
12-Jan-16,1.35,1.36,1.27,1.35,3073700
13-Jan-16,1.43,1.6,1.39,1.53,5598300
14-Jan-16,1.61,1.61,1.44,1.49,3151100
15-Jan-16,1.7,1.73,1.57,1.61,2710400
19-Jan-16,1.61,1.61,1.45,1.51,3044900
20-Jan-16,1.62,1.69,1.61,1.68,4109900
21-Jan-16,1.68,1.73,1.63,1.73,2514000
22-Jan-16,1.65,1.7,1.63,1.65,1739800
25-Jan-16,1.75,1.82,1.72,1.82,3567600
26-Jan-16,1.88,1.99,1.86,1.95,4256800
27-Jan-16,1.97,2.0,1.91,1.99,3377100
28-Jan-16,1.91,1.95,1.86,1.92,2437200
29-Jan-16,1.79,1.81,1.75,1.79,2451300
01-Feb-16,1.86,1.93,1.82,1.87,2023600
02-Feb-16,1.93,1.95,1.9,1.95,2736000
03-Feb-16,1.97,2.07,1.95,2.05,3760100
04-Feb-16,2.18,2.3,2.14,2.24,5412700
05-Feb-16,2.22,2.34,2.09,2.34,4563200
08-Feb-16,2.4,2.48,2.35,2.43,3918500
09-Feb-16,2.52,2.54,2.34,2.37,3763800
10-Feb-16,2.38,2.39,2.15,2.38,4509600
11-Feb-16,2.59,2.75,2.54,2.75,6541800
12-Feb-16,2.67,2.81,2.63,2.74,4016700
16-Feb-16,2.54,2.77,2.45,2.57,6031200
17-Feb-16,2.47,2.58,2.36,2.58,4612500
18-Feb-16,2.43,2.64,2.41,2.63,5023400
19-Feb-16,2.57,2.66,2.56,2.63,5042400
22-Feb-16,2.54,2.69,2.53,2.67,2676100
23-Feb-16,2.71,2.83,2.7,2.82,4253700
24-Feb-16,2.97,3.11,2.93,3.01,7023500
25-Feb-16,3.06,3.18,3.03,3.16,6517600
26-Feb-16,3.08,3.16,2.92,3.0,5755700
29-Feb-16,3.15,3.28,3.1,3.26,4779500
01-Mar-16,3.32,3.34,3.08,3.1,5295800
02-Mar-16,3.19,3.3,3.15,3.26,3606900
03-Mar-16,3.27,3.4,3.2,3.36,4869500
04-Mar-16,3.36,3.42,3.15,3.15,7382900
07-Mar-16,3.27,3.39,3.2,3.31,4303600
08-Mar-16,3.33,3.39,3.2,3.31,5970500
09-Mar-16,3.17,3.4,3.05,3.32,6110700
10-Mar-16,3.25,3.4,3.22,3.38,4841200
11-Mar-16,3.36,3.4,3.27,3.39,4450700
14-Mar-16,3.42,3.52,3.35,3.5,7676400
15-Mar-16,3.49,3.65,3.37,3.64,7569700
16-Mar-16,3.58,3.98,3.53,3.96,8268300
17-Mar-16,3.99,4.19,3.86,3.91,10711300
18-Mar-16,3.92,3.99,3.56,3.78,46173800
21-Mar-16,3.76,3.98,3.73,3.83,6156500
22-Mar-16,3.91,4.0,3.84,3.98,5228200
23-Mar-16,3.76,3.95,3.69,3.69,9520900
24-Mar-16,3.69,3.79,3.65,3.74,4772100
28-Mar-16,3.74,3.75,3.6,3.72,3806600
29-Mar-16,3.77,4.06,3.75,3.99,8864700
30-Mar-16,3.85,3.95,3.77,3.82,7780300
31-Mar-16,3.73,3.8,3.61,3.64,5931200
01-Apr-16,3.49,3.74,3.35,3.72,6651200
04-Apr-16,3.69,3.69,3.58,3.59,3315800
05-Apr-16,3.76,3.76,3.61,3.71,3249200
06-Apr-16,3.68,3.71,3.6,3.71,4056500
07-Apr-16,3.81,3.87,3.8,3.85,4096400
08-Apr-16,3.85,3.93,3.78,3.93,4136500
11-Apr-16,4.01,4.17,4.01,4.17,4813100
12-Apr-16,4.1,4.12,3.95,4.05,5678000
13-Apr-16,3.86,4.01,3.8,3.84,4141400
14-Apr-16,3.79,3.83,3.54,3.58,5815500
15-Apr-16,3.53,3.66,3.48,3.59,4633500
18-Apr-16,3.6,3.63,3.49,3.59,2629600
19-Apr-16,3.64,3.72,3.52,3.68,10909500
20-Apr-16,3.59,3.64,3.32,3.39,9429100
21-Apr-16,3.51,3.51,3.3,3.38,4045700
22-Apr-16,3.33,3.39,3.01,3.1,6749900
25-Apr-16,3.08,3.21,3.04,3.18,3297000
26-Apr-16,3.18,3.19,3.04,3.18,3422000
27-Apr-16,3.19,3.27,3.13,3.27,3388800
28-Apr-16,3.35,3.57,3.32,3.53,5065300
29-Apr-16,3.55,3.67,3.55,3.66,6672000
02-May-16,3.72,3.74,3.54,3.55,3945200
03-May-16,3.57,3.61,3.36,3.37,4610600
04-May-16,3.29,3.4,3.12,3.14,3384800
05-May-16,3.35,3.43,3.28,3.4,4106800
06-May-16,3.49,3.71,3.46,3.68,6659100
09-May-16,3.43,3.47,3.29,3.29,3592100
10-May-16,3.25,3.42,3.15,3.35,3109000
11-May-16,3.4,3.49,3.28,3.45,4713500
12-May-16,3.4,3.43,3.2,3.2,2997000
13-May-16,3.28,3.37,3.24,3.32,4547900
16-May-16,3.46,3.5,3.31,3.44,6093000
17-May-16,3.34,3.5,3.33,3.42,3249600
18-May-16,3.37,3.52,3.25,3.28,6482800
19-May-16,3.17,3.4,3.16,3.32,3444400
20-May-16,3.29,3.34,3.17,3.32,4318200
23-May-16,3.19,3.41,3.18,3.33,3616700
24-May-16,3.22,3.27,2.99,3.0,7156500
25-May-16,2.95,3.11,2.93,3.09,3745500
26-May-16,3.13,3.14,3.01,3.06,2233600
27-May-16,3.03,3.05,2.88,2.92,3904100
31-May-16,2.91,3.1,2.9,3.06,4049000
01-Jun-16,3.09,3.18,3.06,3.12,3524000
02-Jun-16,3.1,3.17,3.03,3.1,3500000
03-Jun-16,3.31,3.51,3.26,3.5,7923900
06-Jun-16,3.46,3.62,3.38,3.57,4175600
07-Jun-16,3.5,3.63,3.47,3.51,5065100
08-Jun-16,3.7,3.83,3.68,3.75,6952300
09-Jun-16,3.7,3.81,3.69,3.79,4076300
10-Jun-16,3.8,3.86,3.62,3.65,3871900
13-Jun-16,3.78,3.81,3.41,3.51,6658400
14-Jun-16,3.62,3.64,3.43,3.52,4434000
15-Jun-16,3.56,3.71,3.49,3.64,5722400
16-Jun-16,3.83,3.85,3.41,3.42,9317300
17-Jun-16,3.49,3.53,3.31,3.48,23625600
20-Jun-16,3.32,3.5,3.31,3.46,3198000
21-Jun-16,3.27,3.33,3.15,3.2,5277400
22-Jun-16,3.27,3.48,3.26,3.48,6348100
23-Jun-16,3.32,3.4,3.29,3.34,4379900
24-Jun-16,3.72,3.75,3.56,3.62,7236800
27-Jun-16,3.69,3.73,3.36,3.47,7196800
28-Jun-16,3.4,3.49,3.35,3.36,3650600
29-Jun-16,3.48,3.64,3.43,3.6,5579100
30-Jun-16,3.65,3.67,3.52,3.61,3107800
01-Jul-16,3.76,3.92,3.74,3.89,6570500
05-Jul-16,4.06,4.13,3.99,4.1,7112900
06-Jul-16,4.31,4.42,4.24,4.32,7601000
07-Jul-16,4.27,4.36,4.16,4.25,5067200
08-Jul-16,4.21,4.47,4.19,4.46,5325700
11-Jul-16,4.37,4.54,4.36,4.53,4837400
12-Jul-16,4.48,4.52,4.28,4.3,6299000
13-Jul-16,4.4,4.72,4.39,4.66,6580600
14-Jul-16,4.44,4.59,4.36,4.5,5414600
15-Jul-16,4.4,4.58,4.39,4.51,5111700
18-Jul-16,4.47,4.55,4.42,4.49,4177700
19-Jul-16,4.49,4.53,4.46,4.5,2848600
20-Jul-16,4.38,4.39,4.05,4.1,6349900
21-Jul-16,4.21,4.38,4.2,4.33,2933400
22-Jul-16,4.3,4.35,4.25,4.32,3018800
25-Jul-16,4.19,4.23,4.0,4.03,3997800
26-Jul-16,4.15,4.29,4.13,4.23,3755500
27-Jul-16,4.3,4.55,4.2,4.48,5433200
28-Jul-16,4.49,4.53,4.37,4.42,4733600
29-Jul-16,4.45,4.62,4.42,4.57,5050200
01-Aug-16,4.56,4.81,4.48,4.81,6334100
02-Aug-16,4.86,4.87,4.72,4.76,5275000
03-Aug-16,4.74,4.74,4.6,4.63,2138200
04-Aug-16,4.69,4.79,4.67,4.78,2600400
05-Aug-16,4.61,4.62,4.44,4.5,4137000
08-Aug-16,4.43,4.56,4.4,4.5,3380400
09-Aug-16,4.53,4.62,4.52,4.55,2617200
10-Aug-16,4.7,4.7,4.57,4.65,3107500
11-Aug-16,4.65,4.68,4.54,4.55,3015300
12-Aug-16,4.61,4.65,4.43,4.47,3849200
15-Aug-16,4.5,4.55,4.42,4.46,3208900
16-Aug-16,4.42,4.42,4.29,4.31,3453200
17-Aug-16,4.35,4.39,3.94,4.1,8148600
18-Aug-16,4.17,4.19,4.04,4.13,3971700
19-Aug-16,4.05,4.14,4.03,4.1,4706400
22-Aug-16,4.01,4.11,3.99,4.05,4107100
23-Aug-16,4.05,4.12,4.0,4.0,2821400
24-Aug-16,3.99,4.03,3.72,3.72,4035800
25-Aug-16,3.88,4.01,3.76,3.93,4532200
26-Aug-16,4.0,4.11,3.83,3.87,6455200
29-Aug-16,3.82,3.91,3.8,3.84,2538100
30-Aug-16,3.77,3.83,3.61,3.65,4671100
31-Aug-16,3.66,3.73,3.52,3.53,5191200
01-Sep-16,3.6,3.93,3.55,3.92,7222900
02-Sep-16,3.91,4.02,3.79,4.02,9611900
06-Sep-16,3.85,4.14,3.83,4.12,6861900
07-Sep-16,4.07,4.09,3.82,3.94,5503300
08-Sep-16,3.9,3.98,3.8,3.83,3017600
09-Sep-16,3.77,3.79,3.6,3.6,4813900
12-Sep-16,3.59,3.9,3.55,3.85,6358500
13-Sep-16,3.72,3.77,3.46,3.53,6363000
14-Sep-16,3.62,3.72,3.52,3.54,3772000
15-Sep-16,3.52,3.59,3.41,3.48,4114900
16-Sep-16,3.41,3.47,3.27,3.35,19382000
19-Sep-16,3.43,3.45,3.36,3.38,2525200
20-Sep-16,3.35,3.38,3.3,3.37,1855500
21-Sep-16,3.42,3.82,3.42,3.77,6985700
22-Sep-16,3.72,3.77,3.54,3.55,4510300
23-Sep-16,3.56,3.63,3.45,3.5,3046300
26-Sep-16,3.52,3.6,3.42,3.45,2227000
27-Sep-16,3.45,3.49,3.38,3.44,2546100
28-Sep-16,3.46,3.6,3.37,3.57,3098800
29-Sep-16,3.45,3.58,3.42,3.56,3447100
30-Sep-16,3.6,3.62,3.47,3.49,2575800
03-Oct-16,3.49,3.51,3.43,3.49,1901100
04-Oct-16,3.24,3.26,3.1,3.12,6006600
05-Oct-16,3.12,3.18,3.01,3.17,3153500
06-Oct-16,2.99,3.09,2.94,3.0,4996300
07-Oct-16,3.06,3.09,2.93,3.0,5086400
10-Oct-16,2.94,2.99,2.91,2.98,2805800
11-Oct-16,2.96,2.99,2.85,2.85,3924800
12-Oct-16,2.91,2.97,2.87,2.91,2697100
13-Oct-16,2.98,3.08,2.92,2.99,3553800
14-Oct-16,2.99,3.04,2.93,2.94,2236400
17-Oct-16,2.96,3.05,2.95,3.02,1961100
18-Oct-16,3.12,3.24,3.09,3.23,3163500
19-Oct-16,3.3,3.37,3.2,3.3,3989900
20-Oct-16,3.29,3.3,3.19,3.2,3637300
21-Oct-16,3.2,3.24,3.16,3.18,1678900
24-Oct-16,3.22,3.24,3.02,3.04,2712700
25-Oct-16,3.1,3.26,3.08,3.19,3903500
26-Oct-16,3.19,3.21,3.06,3.13,2573400
27-Oct-16,3.14,3.16,3.03,3.08,3339900
28-Oct-16,3.04,3.17,2.98,3.07,3377100
31-Oct-16,3.09,3.18,3.04,3.17,2451000
01-Nov-16,3.27,3.42,3.24,3.34,3986400
02-Nov-16,3.38,3.51,3.22,3.28,6022600
03-Nov-16,3.29,3.41,3.26,3.39,3451600
04-Nov-16,3.38,3.44,3.33,3.42,3687900
07-Nov-16,3.25,3.29,3.13,3.19,3522600
08-Nov-16,3.17,3.26,3.06,3.14,4530100
09-Nov-16,3.42,3.45,3.13,3.25,7946700
10-Nov-16,3.25,3.25,2.93,2.96,7470900
11-Nov-16,2.86,2.86,2.47,2.54,12204700
14-Nov-16,2.51,2.82,2.49,2.69,5028400
15-Nov-16,2.64,2.82,2.59,2.78,9199500
16-Nov-16,2.68,2.69,2.55,2.62,4349400
17-Nov-16,2.59,2.68,2.43,2.5,7497100
18-Nov-16,2.42,2.49,2.39,2.47,4362300
21-Nov-16,2.47,2.49,2.41,2.42,5107800
22-Nov-16,2.4,2.4,2.29,2.38,4250600
23-Nov-16,2.25,2.28,2.15,2.19,7641600
25-Nov-16,2.25,2.33,2.24,2.27,2536300
28-Nov-16,2.34,2.46,2.3,2.46,5932400
29-Nov-16,2.3,2.37,2.27,2.32,3193600
30-Nov-16,2.27,2.32,2.24,2.28,3010900
01-Dec-16,2.21,2.38,2.19,2.29,4116500
02-Dec-16,2.31,2.35,2.25,2.29,4447100
05-Dec-16,2.15,2.28,2.1,2.19,7201900
06-Dec-16,2.15,2.24,2.15,2.23,5481000
07-Dec-16,2.2,2.32,2.18,2.22,6274900
08-Dec-16,2.22,2.29,2.19,2.28,3354800
09-Dec-16,2.18,2.21,2.08,2.08,6784600
12-Dec-16,2.09,2.15,2.05,2.06,5103200
13-Dec-16,2.08,2.24,2.06,2.19,9365200
14-Dec-16,2.14,2.24,2.0,2.0,10387200
15-Dec-16,1.89,1.96,1.86,1.92,17605700
16-Dec-16,1.97,2.03,1.89,1.89,14131900
19-Dec-16,1.95,2.01,1.92,1.95,6150900
20-Dec-16,1.91,2.01,1.89,1.97,6657300
21-Dec-16,1.97,1.99,1.91,1.93,4924900
22-Dec-16,1.9,1.99,1.9,1.94,5057000
23-Dec-16,1.92,2.05,1.91,2.04,6047200
27-Dec-16,2.09,2.16,2.06,2.11,5209900
28-Dec-16,2.15,2.2,2.07,2.18,5306400
29-Dec-16,2.22,2.37,2.2,2.35,7361200
30-Dec-16,2.4,2.43,2.2,2.21,7537200
03-Jan-17,2.26,2.35,2.24,2.35,5534800
04-Jan-17,2.39,2.39,2.29,2.39,5781100
05-Jan-17,2.52,2.58,2.45,2.56,7502300
06-Jan-17,2.46,2.51,2.3,2.38,10096700
09-Jan-17,2.42,2.5,2.4,2.42,5974100
10-Jan-17,2.45,2.49,2.37,2.44,4694300
11-Jan-17,2.42,2.49,2.36,2.43,4868800
12-Jan-17,2.48,2.52,2.36,2.42,5407900
13-Jan-17,2.41,2.48,2.36,2.47,2491000
17-Jan-17,2.56,2.58,2.51,2.56,3792300
18-Jan-17,2.55,2.56,2.42,2.47,3928200
19-Jan-17,2.41,2.5,2.39,2.48,3622000
20-Jan-17,2.45,2.56,2.41,2.48,4329500
23-Jan-17,2.53,2.55,2.48,2.54,3472000
24-Jan-17,2.54,2.57,2.44,2.49,4657700
25-Jan-17,2.43,2.5,2.4,2.48,4161500
26-Jan-17,2.35,2.43,2.35,2.36,3430800
27-Jan-17,2.37,2.46,2.36,2.44,2140900
30-Jan-17,2.53,2.54,2.44,2.49,4027800
31-Jan-17,2.55,2.57,2.49,2.55,4476600
01-Feb-17,2.55,2.6,2.5,2.58,5710800
02-Feb-17,2.7,2.72,2.6,2.66,4974000
03-Feb-17,2.68,2.7,2.63,2.66,3436300
06-Feb-17,2.75,2.82,2.63,2.82,7546900
07-Feb-17,2.8,2.87,2.72,2.76,9141500
08-Feb-17,2.84,2.92,2.75,2.8,12354500
09-Feb-17,2.8,2.84,2.69,2.71,6686400
10-Feb-17,2.7,2.77,2.68,2.75,5552800
13-Feb-17,2.72,2.74,2.65,2.69,5813600
14-Feb-17,2.75,2.8,2.69,2.77,5686700
15-Feb-17,2.78,2.87,2.74,2.85,4743600
16-Feb-17,2.87,2.99,2.85,2.98,6893600
17-Feb-17,2.9,2.96,2.77,2.78,6905300
21-Feb-17,2.72,2.8,2.66,2.72,5134700
22-Feb-17,2.67,2.68,2.54,2.63,7696400
23-Feb-17,2.7,2.79,2.7,2.77,6594400
24-Feb-17,2.8,2.82,2.62,2.67,5434100
27-Feb-17,2.63,2.73,2.4,2.45,8097000
28-Feb-17,2.51,2.57,2.46,2.5,4373300
01-Mar-17,2.42,2.57,2.39,2.56,5550300
02-Mar-17,2.46,2.55,2.39,2.39,6165400
03-Mar-17,2.34,2.45,2.28,2.38,8373300
06-Mar-17,2.31,2.31,2.16,2.18,6005600
07-Mar-17,2.16,2.32,2.13,2.2,6372900
08-Mar-17,2.15,2.25,2.14,2.19,5031000
09-Mar-17,2.2,2.21,2.06,2.08,5494500
10-Mar-17,2.13,2.23,2.1,2.21,4619700
13-Mar-17,2.21,2.34,2.2,2.31,6437800
14-Mar-17,2.31,2.38,2.22,2.23,5065800
15-Mar-17,2.23,2.53,2.21,2.48,8615800
16-Mar-17,2.51,2.53,2.37,2.4,6791700
17-Mar-17,2.34,2.42,2.24,2.27,11073800
20-Mar-17,2.32,2.44,2.31,2.42,3847300
21-Mar-17,2.44,2.51,2.43,2.46,5788300
22-Mar-17,2.46,2.49,2.4,2.45,3389900
23-Mar-17,2.48,2.49,2.32,2.34,5687600
24-Mar-17,2.36,2.46,2.33,2.4,3834900
27-Mar-17,2.52,2.54,2.46,2.49,4257500
28-Mar-17,2.48,2.5,2.33,2.38,4473000
29-Mar-17,2.39,2.44,2.36,2.4,2654900
30-Mar-17,2.38,2.39,2.28,2.34,3406600
31-Mar-17,2.42,2.51,2.4,2.45,6778500
03-Apr-17,2.47,2.62,2.47,2.62,7970100
04-Apr-17,2.65,2.65,2.54,2.63,4501200
05-Apr-17,2.55,2.71,2.55,2.69,6309400
06-Apr-17,2.67,2.69,2.6,2.67,3324100
07-Apr-17,2.73,2.75,2.58,2.65,5596300
10-Apr-17,2.6,2.64,2.57,2.64,3795300
11-Apr-17,2.7,2.78,2.69,2.78,6623900
12-Apr-17,2.78,2.78,2.69,2.75,3741600
13-Apr-17,2.7,2.77,2.64,2.69,6457600
17-Apr-17,2.71,2.71,2.56,2.61,5548900
18-Apr-17,2.61,2.64,2.55,2.58,4988400
19-Apr-17,2.54,2.55,2.35,2.41,8429500
20-Apr-17,2.39,2.44,2.36,2.41,4920500
21-Apr-17,2.41,2.41,2.36,2.38,3803100
24-Apr-17,2.29,2.35,2.26,2.29,5968900
25-Apr-17,2.27,2.28,2.17,2.2,7591500
26-Apr-17,2.19,2.25,2.1,2.25,8846400
27-Apr-17,2.24,2.24,2.14,2.18,5323900
28-Apr-17,2.19,2.22,2.16,2.18,5040700
01-May-17,2.15,2.17,2.07,2.07,4551400
02-May-17,2.12,2.18,2.11,2.15,5510800
03-May-17,2.17,2.26,2.14,2.19,7523100
04-May-17,2.16,2.18,2.1,2.11,4821200
05-May-17,2.15,2.22,2.12,2.16,3903000
08-May-17,2.16,2.18,2.12,2.16,2521300
09-May-17,2.13,2.21,2.11,2.18,3415700
10-May-17,2.18,2.24,2.16,2.21,3511000
11-May-17,2.21,2.28,2.2,2.28,4686500
12-May-17,2.3,2.33,2.27,2.31,4680300
15-May-17,2.34,2.34,2.25,2.3,3556200
16-May-17,2.27,2.32,2.23,2.26,4201800
17-May-17,2.37,2.38,2.3,2.34,5786200
18-May-17,2.37,2.38,2.26,2.27,5260200
19-May-17,2.32,2.35,2.25,2.28,5301900
22-May-17,2.29,2.35,2.29,2.34,4573300
23-May-17,2.34,2.39,2.21,2.22,5603200
24-May-17,2.2,2.24,2.11,2.2,7626700
25-May-17,2.17,2.17,2.11,2.16,4252600
26-May-17,2.16,2.18,2.12,2.13,3634100
30-May-17,2.08,2.09,2.02,2.05,4540800
31-May-17,2.03,2.03,1.96,2.0,5342100
01-Jun-17,1.92,1.96,1.89,1.91,5623800
02-Jun-17,1.91,1.96,1.88,1.93,4577200
05-Jun-17,1.94,1.94,1.87,1.91,3731800
06-Jun-17,1.95,2.08,1.95,2.08,7420700
07-Jun-17,2.03,2.05,1.97,2.0,5521100
08-Jun-17,1.96,1.97,1.92,1.94,4143200
09-Jun-17,1.9,1.92,1.85,1.86,5588500
12-Jun-17,1.88,1.93,1.87,1.9,3799900
13-Jun-17,1.86,1.93,1.86,1.91,3676000
14-Jun-17,1.95,1.96,1.76,1.8,9081600
15-Jun-17,1.8,1.82,1.75,1.8,4153700
16-Jun-17,1.8,1.81,1.68,1.68,29706800
19-Jun-17,1.69,1.74,1.65,1.67,6969400
20-Jun-17,1.65,1.66,1.58,1.59,5815500
21-Jun-17,1.61,1.64,1.6,1.63,3478100
22-Jun-17,1.66,1.66,1.59,1.62,5255300
23-Jun-17,1.66,1.7,1.65,1.7,4186200
26-Jun-17,1.64,1.71,1.63,1.69,1814500
27-Jun-17,1.69,1.71,1.66,1.67,2381100
28-Jun-17,1.66,1.68,1.62,1.65,1512700
29-Jun-17,1.59,1.65,1.59,1.62,2562000
30-Jun-17,1.64,1.7,1.62,1.65,4282000
03-Jul-17,1.58,1.63,1.56,1.61,2549300
05-Jul-17,1.61,1.66,1.58,1.64,3291300
06-Jul-17,1.65,1.66,1.61,1.64,3786500
07-Jul-17,1.61,1.62,1.58,1.59,2423700
10-Jul-17,1.58,1.66,1.58,1.66,3360800
11-Jul-17,1.62,1.69,1.62,1.69,2825900
12-Jul-17,1.72,1.75,1.71,1.74,3539800
13-Jul-17,1.71,1.72,1.65,1.68,2564500
14-Jul-17,1.74,1.75,1.7,1.72,2163700
17-Jul-17,1.75,1.76,1.73,1.75,1849100
18-Jul-17,1.78,1.79,1.72,1.73,1731900
19-Jul-17,1.74,1.76,1.7,1.75,1496500
20-Jul-17,1.72,1.75,1.7,1.72,2328800
21-Jul-17,1.76,1.77,1.72,1.74,1764100
24-Jul-17,1.74,1.74,1.66,1.67,2527500
25-Jul-17,1.66,1.7,1.66,1.69,1701500
26-Jul-17,1.7,1.77,1.68,1.75,2780000
27-Jul-17,1.75,1.76,1.71,1.71,2460700
28-Jul-17,1.73,1.77,1.73,1.77,1867600
31-Jul-17,1.79,1.83,1.79,1.81,1897300
01-Aug-17,1.81,1.84,1.8,1.82,1814400
02-Aug-17,1.77,1.79,1.73,1.77,2920800
03-Aug-17,1.76,1.78,1.72,1.74,2133800
04-Aug-17,1.73,1.75,1.71,1.73,3420000
07-Aug-17,1.72,1.72,1.65,1.67,2344900
08-Aug-17,1.7,1.75,1.69,1.73,2115600
09-Aug-17,1.75,1.82,1.75,1.79,3023300
10-Aug-17,1.83,1.83,1.79,1.82,3599700
11-Aug-17,1.84,1.88,1.82,1.86,3492900
14-Aug-17,1.85,1.85,1.75,1.77,3291700
15-Aug-17,1.75,1.77,1.72,1.75,2494300
16-Aug-17,1.75,1.77,1.71,1.72,3981000
17-Aug-17,1.77,1.81,1.75,1.78,2860200
18-Aug-17,1.91,1.94,1.83,1.87,5906900
21-Aug-17,1.9,1.93,1.87,1.89,2437800
22-Aug-17,1.89,1.91,1.8,1.81,2799100
23-Aug-17,1.84,1.87,1.83,1.85,2751300
24-Aug-17,1.86,1.87,1.82,1.83,1546800
25-Aug-17,1.86,1.88,1.79,1.8,3857900
28-Aug-17,1.84,1.9,1.84,1.88,4576500
29-Aug-17,1.97,2.01,1.94,1.98,6474700
30-Aug-17,1.95,1.98,1.92,1.97,2117000
31-Aug-17,1.97,2.07,1.95,2.06,3479200
01-Sep-17,2.08,2.09,2.01,2.03,2921000
05-Sep-17,2.09,2.19,2.08,2.17,5490300
06-Sep-17,2.16,2.16,2.05,2.07,3622100
07-Sep-17,2.11,2.13,2.08,2.11,3316400
08-Sep-17,2.12,2.13,2.03,2.07,3002200
11-Sep-17,2.0,2.07,1.99,2.03,5388200
12-Sep-17,2.01,2.06,1.99,2.03,3286300
13-Sep-17,2.03,2.05,2.0,2.02,3210000
14-Sep-17,1.99,2.1,1.98,2.08,3472200
15-Sep-17,2.08,2.14,2.07,2.14,12023100
18-Sep-17,2.05,2.06,1.98,1.99,4523000
19-Sep-17,1.98,2.04,1.97,1.99,2835600
20-Sep-17,1.99,2.0,1.88,1.89,4221000
21-Sep-17,1.86,1.88,1.82,1.82,3570000
22-Sep-17,1.85,1.9,1.84,1.86,2233700
25-Sep-17,1.87,1.97,1.85,1.95,2493400
26-Sep-17,1.9,1.92,1.85,1.85,2616200
27-Sep-17,1.79,1.85,1.78,1.82,2686300
28-Sep-17,1.8,1.84,1.8,1.82,1576500
29-Sep-17,1.84,1.86,1.81,1.83,1740400
02-Oct-17,1.79,1.82,1.79,1.8,1936900
03-Oct-17,1.8,1.87,1.8,1.84,2045600
04-Oct-17,1.88,1.88,1.83,1.84,2049300
05-Oct-17,1.83,1.85,1.82,1.83,1364200
06-Oct-17,1.81,1.9,1.79,1.89,3262900
09-Oct-17,1.89,1.92,1.86,1.92,1957400
10-Oct-17,1.92,1.92,1.88,1.9,1869700
11-Oct-17,1.9,1.91,1.85,1.9,2542500
12-Oct-17,1.94,1.94,1.87,1.87,3458400
13-Oct-17,1.88,1.88,1.85,1.88,2707500
16-Oct-17,1.87,1.88,1.8,1.81,3415700
17-Oct-17,1.8,1.81,1.76,1.79,2990800
18-Oct-17,1.76,1.79,1.76,1.76,4428900
19-Oct-17,1.71,1.75,1.68,1.69,4609400
20-Oct-17,1.66,1.67,1.65,1.66,2834300
23-Oct-17,1.65,1.66,1.61,1.62,4155700
24-Oct-17,1.65,1.67,1.61,1.62,3793900
25-Oct-17,1.7,1.71,1.64,1.66,4129200
26-Oct-17,1.74,1.74,1.67,1.7,4845300
27-Oct-17,1.72,1.77,1.71,1.75,2854900
30-Oct-17,1.77,1.79,1.75,1.78,1613000
31-Oct-17,1.77,1.77,1.71,1.73,1990000
01-Nov-17,1.77,1.82,1.74,1.8,4057700
02-Nov-17,1.8,1.82,1.75,1.81,3511700
03-Nov-17,1.79,1.8,1.75,1.77,1977900
06-Nov-17,1.77,1.85,1.77,1.84,2547500
07-Nov-17,1.8,1.81,1.75,1.76,2716900
08-Nov-17,1.8,1.84,1.8,1.82,2430800
09-Nov-17,1.82,1.84,1.79,1.83,2961600
10-Nov-17,1.85,1.87,1.82,1.83,2113700
13-Nov-17,1.83,1.85,1.79,1.8,1591200
14-Nov-17,1.77,1.83,1.76,1.8,1753800
15-Nov-17,1.85,1.85,1.79,1.82,1752400
16-Nov-17,1.83,1.83,1.81,1.83,922000
17-Nov-17,1.83,1.85,1.8,1.83,3374700
20-Nov-17,1.76,1.8,1.74,1.78,2666200
21-Nov-17,1.76,1.8,1.76,1.76,1371500
22-Nov-17,1.78,1.82,1.77,1.81,2054200
24-Nov-17,1.81,1.82,1.77,1.79,844600
27-Nov-17,1.8,1.86,1.78,1.86,2752900
28-Nov-17,1.79,1.83,1.78,1.82,2190600
29-Nov-17,1.78,1.84,1.77,1.82,2755300
30-Nov-17,1.85,1.89,1.83,1.84,3734100
01-Dec-17,1.83,1.88,1.82,1.83,1768500
04-Dec-17,1.82,1.85,1.81,1.83,1653100
05-Dec-17,1.78,1.79,1.76,1.78,2074400
06-Dec-17,1.69,1.71,1.66,1.67,4166200
07-Dec-17,1.64,1.69,1.63,1.68,1749500
08-Dec-17,1.79,1.8,1.72,1.73,1930300
11-Dec-17,1.7,1.75,1.69,1.69,1744700
12-Dec-17,1.67,1.7,1.64,1.65,2414000
13-Dec-17,1.65,1.78,1.65,1.74,2990600
14-Dec-17,1.75,1.77,1.72,1.76,1433700
15-Dec-17,1.75,1.82,1.75,1.8,5584100
18-Dec-17,1.82,1.88,1.78,1.79,2843200
19-Dec-17,1.7,1.73,1.7,1.72,1972200
20-Dec-17,1.77,1.79,1.75,1.78,2288800
21-Dec-17,1.78,1.82,1.76,1.81,1984100
22-Dec-17,1.85,1.87,1.81,1.84,1886200
26-Dec-17,1.86,1.88,1.84,1.85,1874200
27-Dec-17,1.86,1.88,1.83,1.88,1497100
28-Dec-17,1.88,1.89,1.83,1.85,1833900
29-Dec-17,1.85,1.89,1.83,1.87,2247300
02-Jan-18,1.89,1.92,1.88,1.9,2366600
03-Jan-18,1.92,1.93,1.85,1.9,3235300
04-Jan-18,1.9,1.92,1.85,1.89,2904300
05-Jan-18,1.87,1.88,1.83,1.85,1569600
08-Jan-18,1.87,1.87,1.76,1.76,3304100
09-Jan-18,1.76,1.79,1.73,1.76,2419300
10-Jan-18,1.8,1.82,1.78,1.8,1936800
11-Jan-18,1.8,1.81,1.78,1.78,1632100
12-Jan-18,1.81,1.84,1.8,1.83,2428100
16-Jan-18,1.79,1.81,1.73,1.77,6578700
17-Jan-18,1.77,1.8,1.74,1.75,2821000
18-Jan-18,1.74,1.76,1.68,1.69,6390800
19-Jan-18,1.73,1.76,1.71,1.73,3148500
22-Jan-18,1.77,1.78,1.7,1.71,3155700
23-Jan-18,1.7,1.77,1.7,1.75,4231300
24-Jan-18,1.78,1.79,1.75,1.77,3510600
25-Jan-18,1.8,1.8,1.72,1.73,8006200
26-Jan-18,1.77,1.78,1.72,1.73,2258000
29-Jan-18,1.72,1.74,1.67,1.68,3936700
30-Jan-18,1.67,1.7,1.63,1.67,9110700
31-Jan-18,1.71,1.79,1.69,1.77,7850300
01-Feb-18,1.73,1.76,1.71,1.73,3858600
02-Feb-18,1.7,1.71,1.65,1.67,5816400
05-Feb-18,1.66,1.79,1.64,1.75,5499500
06-Feb-18,1.71,1.78,1.69,1.71,7455600
07-Feb-18,1.65,1.74,1.65,1.71,5902600
08-Feb-18,1.68,1.74,1.67,1.72,8545200
09-Feb-18,1.79,1.79,1.66,1.71,6852900
12-Feb-18,1.72,1.88,1.72,1.83,9486900
13-Feb-18,1.8,1.87,1.76,1.86,5805200
14-Feb-18,1.94,2.09,1.92,2.08,11937400
15-Feb-18,2.1,2.14,2.02,2.12,6877000
16-Feb-18,2.12,2.18,2.05,2.12,9226500
20-Feb-18,2.05,2.1,2.03,2.06,5079700
21-Feb-18,2.06,2.18,2.05,2.07,5746600
